<?xml version="1.0" encoding="UTF-8"?>
<metadata><idinfo><citation><citeinfo><origin>National Park Service</origin><pubdate>20120606</pubdate><title>Current Administrative Boundaries of National Park System Units 06/06/2012</title><geoform>vector digital data</geoform></citeinfo></citation><descript><abstract>National Park Service unit boundaries.</abstract><purpose>Service wide boundary set for display and general analysis purposes.</purpose></descript><timeperd><timeinfo><rngdates><begdate>20020201</begdate><begtime>unknown</begtime><enddate>Present</enddate><endtime>unknown</endtime></rngdates></timeinfo><current>publication date</current></timeperd><status><progress>In Work</progress><update>Daily</update></status><spdom><bounding><westbc>-170.727006</westbc><eastbc>145.729575</eastbc><northbc>68.655808</northbc><southbc>-14.288109</southbc></bounding></spdom><keywords><theme><themekt>None</themekt><themekey>National Park Service</themekey><themekey>Boundary</themekey><themekey>National Parks</themekey><themekey>NPS</themekey></theme><place><placekt>None</placekt><placekey>National Parks</placekey><placekey>USA</placekey><placekey>Guam</placekey><placekey>American Samoa</placekey><placekey>Virgin Islands</placekey><placekey>Alaska</placekey><placekey>Hawaii</placekey><placekey>Continental US</placekey><placekey>United States</placekey><placekey>Department of Interior</placekey><placekey>National Park Service</placekey><placekey>NPS</placekey><placekey>DOI</placekey></place><theme><themekt>National Park Service Theme Category Thesaurus</themekt><themekey>Boundary</themekey></theme><theme><themekt>ISO 19115 Topic Category</themekt><themekey>Boundaries</themekey></theme>
<place>
<placekt>National Park System Unit Code Thesaurus</placekt>
<placekey>All_NPS</placekey>
<placekey>ABLI</placekey>
<placekey>ACAD</placekey>
<placekey>ADAM</placekey>
<placekey>AFBG</placekey>
<placekey>AGFO</placekey>
<placekey>ALAG</placekey>
<placekey>ALFL</placekey>
<placekey>ANDE</placekey>
<placekey>ANJO</placekey>
<placekey>ANIA</placekey>
<placekey>ANTI</placekey>
<placekey>APIS</placekey>
<placekey>APPA</placekey>
<placekey>APCO</placekey>
<placekey>ARCH</placekey>
<placekey>ARPO</placekey>
<placekey>ARHO</placekey>
<placekey>ASIS</placekey>
<placekey>AZRU</placekey>
<placekey>BADL</placekey>
<placekey>BEOL</placekey>
<placekey>BELA</placekey>
<placekey>BIBE</placekey>
<placekey>BISC</placekey>
<placekey>BICA</placekey>
<placekey>BLCA</placekey>
<placekey>BLUE</placekey>
<placekey>BOWA</placekey>
<placekey>BOAF</placekey>
<placekey>BOHA</placekey>
<placekey>BOST</placekey>
<placekey>BRCR</placekey>
<placekey>BRVB</placekey>
<placekey>BRCA</placekey>
<placekey>BUIS</placekey>
<placekey>BUFF</placekey>
<placekey>CABR</placekey>
<placekey>CANA</placekey>
<placekey>CARI</placekey>
<placekey>CANY</placekey>
<placekey>CAKR</placekey>
<placekey>CARE</placekey>
<placekey>CAVO</placekey>
<placekey>CARL</placekey>
<placekey>CAVE</placekey>
<placekey>CAWO</placekey>
<placekey>CAGR</placekey>
<placekey>CASA</placekey>
<placekey>CACL</placekey>
<placekey>CATO</placekey>
<placekey>CEBR</placekey>
<placekey>CEBE</placekey>
<placekey>CHCU</placekey>
<placekey>CHAM</placekey>
<placekey>CHIS</placekey>
<placekey>CHPI</placekey>
<placekey>CHOH</placekey>
<placekey>CHIC</placekey>
<placekey>CHIR</placekey>
<placekey>CHRI</placekey>
<placekey>CIRO</placekey>
<placekey>CLBA</placekey>
<placekey>COGA</placekey>
<placekey>COLM</placekey>
<placekey>CORO</placekey>
<placekey>COWP</placekey>
<placekey>CRLA</placekey>
<placekey>CRMO</placekey>
<placekey>CUGA</placekey>
<placekey>CUVA</placekey>
<placekey>DAAV</placekey>
<placekey>DEWA</placekey>
<placekey>DENA</placekey>
<placekey>DESO</placekey>
<placekey>DEPO</placekey>
<placekey>DETO</placekey>
<placekey>DRTO</placekey>
<placekey>EDAL</placekey>
<placekey>EDIS</placekey>
<placekey>EFMO</placekey>
<placekey>EISE</placekey>
<placekey>ELMO</placekey>
<placekey>ELRO</placekey>
<placekey>EUON</placekey>
<placekey>FEHA</placekey>
<placekey>FILA</placekey>
<placekey>FLNI</placekey>
<placekey>FLFO</placekey>
<placekey>FOTH</placekey>
<placekey>FOBO</placekey>
<placekey>FOCA</placekey>
<placekey>FODA</placekey>
<placekey>FODO</placekey>
<placekey>FOFR</placekey>
<placekey>FOLA</placekey>
<placekey>FOLS</placekey>
<placekey>FOPO</placekey>
<placekey>FOPU</placekey>
<placekey>FOMA</placekey>
<placekey>FOSC</placekey>
<placekey>FOSM</placekey>
<placekey>FOST</placekey>
<placekey>FOSU</placekey>
<placekey>FOUN</placekey>
<placekey>FOUS</placekey>
<placekey>FOWA</placekey>
<placekey>FOBU</placekey>
<placekey>FRDE</placekey>
<placekey>FRDO</placekey>
<placekey>FRHI</placekey>
<placekey>GAAR</placekey>
<placekey>GATE</placekey>
<placekey>GEGR</placekey>
<placekey>GERO</placekey>
<placekey>GWCA</placekey>
<placekey>GWMP</placekey>
<placekey>GETT</placekey>
<placekey>GICL</placekey>
<placekey>GLBA</placekey>
<placekey>GLCA</placekey>
<placekey>GOGA</placekey>
<placekey>GOSP</placekey>
<placekey>GOIS</placekey>
<placekey>GRCA</placekey>
<placekey>GRPO</placekey>
<placekey>GRTE</placekey>
<placekey>GRKO</placekey>
<placekey>GRBA</placekey>
<placekey>GRSA</placekey>
<placekey>GREE</placekey>
<placekey>GUIS</placekey>
<placekey>HAFO</placekey>
<placekey>HAGR</placekey>
<placekey>HAFE</placekey>
<placekey>HALE</placekey>
<placekey>HAMP</placekey>
<placekey>HSTR</placekey>
<placekey>HAVO</placekey>
<placekey>HEHO</placekey>
<placekey>PIMA</placekey>
<placekey>HOFR</placekey>
<placekey>HOME</placekey>
<placekey>HOBE</placekey>
<placekey>HOCU</placekey>
<placekey>HOFU</placekey>
<placekey>HOSP</placekey>
<placekey>HOVE</placekey>
<placekey>HUTR</placekey>
<placekey>IATR</placekey>
<placekey>INDE</placekey>
<placekey>INDU</placekey>
<placekey>JAGA</placekey>
<placekey>JELA</placekey>
<placekey>JEFF</placekey>
<placekey>JECA</placekey>
<placekey>JICA</placekey>
<placekey>JODR</placekey>
<placekey>JOFI</placekey>
<placekey>JOMU</placekey>
<placekey>JOTR</placekey>
<placekey>KALA</placekey>
<placekey>KAHO</placekey>
<placekey>KATM</placekey>
<placekey>KEFJ</placekey>
<placekey>KEMO</placekey>
<placekey>KEWE</placekey>
<placekey>KICA</placekey>
<placekey>KIMO</placekey>
<placekey>KLGO</placekey>
<placekey>KNRI</placekey>
<placekey>KOVA</placekey>
<placekey>KOWA</placekey>
<placekey>LACH</placekey>
<placekey>LACL</placekey>
<placekey>LAKE</placekey>
<placekey>LAVO</placekey>
<placekey>LABE</placekey>
<placekey>LECL</placekey>
<placekey>LIBO</placekey>
<placekey>LIHO</placekey>
<placekey>LIBI</placekey>
<placekey>LINC</placekey>
<placekey>LONG</placekey>
<placekey>CHSC</placekey>
<placekey>LOSA</placekey>
<placekey>LYBA</placekey>
<placekey>MACA</placekey>
<placekey>MANA</placekey>
<placekey>MANZ</placekey>
<placekey>MALU</placekey>
<placekey>MABE</placekey>
<placekey>MAVA</placekey>
<placekey>MAWA</placekey>
<placekey>MEVE</placekey>
<placekey>MIMI</placekey>
<placekey>MIMA</placekey>
<placekey>MLKM</placekey>
<placekey>MOJA</placekey>
<placekey>MONO</placekey>
<placekey>MOCA</placekey>
<placekey>MOCR</placekey>
<placekey>MORA</placekey>
<placekey>MORR</placekey>
<placekey>MORU</placekey>
<placekey>MUWO</placekey>
<placekey>NATC</placekey>
<placekey>NACA</placekey>
<placekey>MALL</placekey>
<placekey>NABR</placekey>
<placekey>NAVA</placekey>
<placekey>NEBE</placekey>
<placekey>NICO</placekey>
<placekey>NISI</placekey>
<placekey>NIOB</placekey>
<placekey>NOAT</placekey>
<placekey>NOCA</placekey>
<placekey>OBRI</placekey>
<placekey>OLYM</placekey>
<placekey>ORCA</placekey>
<placekey>ORPI</placekey>
<placekey>OZAR</placekey>
<placekey>PAIS</placekey>
<placekey>PAAL</placekey>
<placekey>PAAV</placekey>
<placekey>PERI</placekey>
<placekey>PEVI</placekey>
<placekey>PETE</placekey>
<placekey>PEFO</placekey>
<placekey>PIRO</placekey>
<placekey>PIMA</placekey>
<placekey>PINN</placekey>
<placekey>PIPE</placekey>
<placekey>PISP</placekey>
<placekey>PISC</placekey>
<placekey>PORE</placekey>
<placekey>PUHO</placekey>
<placekey>PUHE</placekey>
<placekey>RABR</placekey>
<placekey>RICH</placekey>
<placekey>RIRA</placekey>
<placekey>RRBH</placekey>
<placekey>RORI</placekey>
<placekey>ROLA</placekey>
<placekey>ROMO</placekey>
<placekey>RUCA</placekey>
<placekey>SACN</placekey>
<placekey>SAGA</placekey>
<placekey>SAGU</placekey>
<placekey>SAHI</placekey>
<placekey>SAPA</placekey>
<placekey>SAMA</placekey>
<placekey>SAND</placekey>
<placekey>SARI</placekey>
<placekey>SAMO</placekey>
<placekey>SCBL</placekey>
<placekey>SEMO</placekey>
<placekey>SEQU</placekey>
<placekey>SHEN</placekey>
<placekey>SITK</placekey>
<placekey>SLBE</placekey>
<placekey>SPAR</placekey>
<placekey>STLI</placekey>
<placekey>SUCR</placekey>
<placekey>TAPR</placekey>
<placekey>THKO</placekey>
<placekey>THRO</placekey>
<placekey>THRB</placekey>
<placekey>THRI</placekey>
<placekey>THIS</placekey>
<placekey>JEFM</placekey>
<placekey>THST</placekey>
<placekey>TICA</placekey>
<placekey>TONT</placekey>
<placekey>TUMA</placekey>
<placekey>TUPE</placekey>
<placekey>TUAI</placekey>
<placekey>TUZI</placekey>
<placekey>ULSG</placekey>
<placekey>VAFO</placekey>
<placekey>VALR</placekey>
<placekey>VICR</placekey>
<placekey>VIVE</placekey>
<placekey>VOYA</placekey>
<placekey>WACA</placekey>
<placekey>WAPA</placekey>
<placekey>WAMO</placekey>
<placekey>WABA</placekey>
<placekey>WEFA</placekey>
<placekey>WHIS</placekey>
<placekey>WHHO</placekey>
<placekey>WHSA</placekey>
<placekey>WHMI</placekey>
<placekey>WIHO</placekey>
<placekey>WICR</placekey>
<placekey>WICA</placekey>
<placekey>WORI</placekey>
<placekey>WOTR</placekey>
<placekey>WRBR</placekey>
<placekey>WRST</placekey>
<placekey>WUPA</placekey>
<placekey>WWII</placekey>
<placekey>YELL</placekey>
<placekey>YOSE</placekey>
<placekey>YUHO</placekey>
<placekey>YUCH</placekey>
<placekey>ZION</placekey>
</place>
<place>
<placekt>National Park System Unit Name Thesaurus</placekt>
<placekey>Abraham Lincoln Birthplace National Historic Site</placekey>
<placekey>Acadia National Park</placekey>
<placekey>Adams National Historical Park</placekey>
<placekey>African Burial Ground National Monument</placekey>
<placekey>Agate Fossil Beds National Monument</placekey>
<placekey>Alagnak Wild River</placekey>
<placekey>Alibates Flint Quarries National Monument</placekey>
<placekey>Andersonville National Historic Site</placekey>
<placekey>Andrew Johnson National Historic Site</placekey>
<placekey>Aniakchak National Monument </placekey>
<placekey>Aniakchak National Preserve</placekey>
<placekey>Antietam National Battlefield</placekey>
<placekey>Apostle Islands National Lakeshore</placekey>
<placekey>Appalachian National Scenic Trail</placekey>
<placekey>Appomattox Court House National Historical Park</placekey>
<placekey>Arches National Park</placekey>
<placekey>Arkansas Post National Memorial</placekey>
<placekey>Arlington House - Robert E. Lee Memorial</placekey>
<placekey>Assateague Island National Seashore</placekey>
<placekey>Aztec Ruins National Monument</placekey>
<placekey>Badlands National Park</placekey>
<placekey>Bent's Old Fort National Historic Site</placekey>
<placekey>Bering Land Bridge National Preserve</placekey>
<placekey>Big Bend National Park</placekey>
<placekey>Bighorn Canyon National Recreation Area</placekey>
<placekey>Biscayne National Park</placekey>
<placekey>Black Canyon of the Gunnison National Park</placekey>
<placekey>Bluestone National Scenic River</placekey>
<placekey>Booker T. Washington National Monument</placekey>
<placekey>Boston African American National Historic Site</placekey>
<placekey>Boston Harbor Islands National Recreation Area</placekey>
<placekey>Boston National Historical Park</placekey>
<placekey>Brices Cross Roads National Battlefield Site</placekey>
<placekey>Brown v. Board of Education National Historic Site</placekey>
<placekey>Bryce Canyon National Park</placekey>
<placekey>Buck Island Reef National Monument</placekey>
<placekey>Buffalo National River</placekey>
<placekey>Cabrillo National Monument</placekey>
<placekey>Canaveral National Seashore</placekey>
<placekey>Cane River Creole National Historical Park</placekey>
<placekey>Canyonlands National Park</placekey>
<placekey>Cape Krusenstern National Monument</placekey>
<placekey>Capitol Reef National Park</placekey>
<placekey>Capulin Volcano National Monument</placekey>
<placekey>Carl Sandburg Home National Historic Site</placekey>
<placekey>Carlsbad Caverns National Park</placekey>
<placekey>Carter G. Woodson National Historic Site</placekey>
<placekey>Casa Grande Ruins National Monument</placekey>
<placekey>Castillo de San Marcos National Monument</placekey>
<placekey>Castle Clinton National Monument</placekey>
<placekey>Catoctin Mountain Park</placekey>
<placekey>Cedar Breaks National Monument</placekey>
<placekey>Cedar Creek Belle Grove</placekey>
<placekey>Chaco Culture National Historical Park</placekey>
<placekey>Chamizal National Memorial</placekey>
<placekey>Channel Islands National Park</placekey>
<placekey>Charles Pinckney National Historic Site</placekey>
<placekey>Chesapeake and Ohio Canal National Historical Park</placekey>
<placekey>Chickasaw National Recreation Area</placekey>
<placekey>Chiricahua National Monument</placekey>
<placekey>Christiansted National Historic Site</placekey>
<placekey>City of Rocks National Reserve</placekey>
<placekey>Clara Barton National Historic Site</placekey>
<placekey>Colorado National Monument</placekey>
<placekey>Constitution Gardens</placekey>
<placekey>Coronado National Memorial</placekey>
<placekey>Cowpens National Battlefield</placekey>
<placekey>Crater Lake National Park</placekey>
<placekey>Craters of the Moon National Monument</placekey>
<placekey>Cumberland Gap Historical Park</placekey>
<placekey>Cuyahoga Valley National Park</placekey>
<placekey>Dayton Aviation Heritage National Historical Park</placekey>
<placekey>Delaware Water Gap National Recreation Area</placekey>
<placekey>Denali National Park</placekey>
<placekey>Denali National Preserve</placekey>
<placekey>De Soto National Memorial</placekey>
<placekey>Devils Postpile National Monument</placekey>
<placekey>Devils Tower National Monument</placekey>
<placekey>Dry Tortugas National Park</placekey>
<placekey>Edgar Allen Poe National Historic Site</placekey>
<placekey>Edison National Historic Site</placekey>
<placekey>Effigy Mounds National Monument</placekey>
<placekey>Eisenhower National Historic Site</placekey>
<placekey>El Morro National Monument</placekey>
<placekey>Eleanor Roosevelt National Historic Site</placekey>
<placekey>Eugene O'Neill National Historic Site</placekey>
<placekey>Federal Hall National Memorial</placekey>
<placekey>First Ladies National Historic Site</placekey>
<placekey>Flight 93 National Memorial</placekey>
<placekey>Florissant Fossil Beds National Monument</placekey>
<placekey>Ford's Theatre National Historic Site</placekey>
<placekey>Fort Bowie National Historic Site</placekey>
<placekey>Fort Caroline National Memorial</placekey>
<placekey>Fort Davis National Historic Site</placekey>
<placekey>Fort Donelson National Battlefield</placekey>
<placekey>Fort Frederica National Monument</placekey>
<placekey>Fort Laramie National Historic Site</placekey>
<placekey>Fort Larned National Historic Site</placekey>
<placekey>Fort Point National Historic Site</placekey>
<placekey>Fort Pulaski National Monument</placekey>
<placekey>Fort Matanzas National Monument</placekey>
<placekey>Fort Scott National Historic Site</placekey>
<placekey>Fort Smith National Historic Site</placekey>
<placekey>Fort Stanwix National Mounment</placekey>
<placekey>Fort Sumter National Monument</placekey>
<placekey>Fort Union National Monument</placekey>
<placekey>Fort Union Trading Post National Historic Site</placekey>
<placekey>Fort Washington Park</placekey>
<placekey>Fossil Butte National Monument</placekey>
<placekey>Franklin Delano Roosevelt Memorial</placekey>
<placekey>Frederick Douglass National Historic Site</placekey>
<placekey>Friendship Hill National Historic Site</placekey>
<placekey>Gates of the Arctic National Park </placekey>
<placekey>Gates of the Arctic National Preserve</placekey>
<placekey>Gateway National Recreation Area</placekey>
<placekey>General Grant National Memorial</placekey>
<placekey>George Rogers Clark National Historical Park</placekey>
<placekey>George Washington Carver National Monument</placekey>
<placekey>George Washington Memorial Parkway</placekey>
<placekey>Gettysburg National Military Park</placekey>
<placekey>Gila Cliff Dwellings National Monument</placekey>
<placekey>Glacier Bay National Park </placekey>
<placekey>Glacier Bay National Preserve</placekey>
<placekey>Glen Canyon National Recreation Area</placekey>
<placekey>Golden Gate National Recreation Area</placekey>
<placekey>Golden Spike National Historic Site</placekey>
<placekey>Governors Island National Monument</placekey>
<placekey>Grand Canyon National Park</placekey>
<placekey>Grand Portage National Monument</placekey>
<placekey>Grand Teton National Park</placekey>
<placekey>Grant-Kohrs Ranch National Historic Site</placekey>
<placekey>Great Basin National Park</placekey>
<placekey>Great Sand Dunes National Park </placekey>
<placekey>Great Sand Dunes National Preserve</placekey>
<placekey>Greenbelt Park</placekey>
<placekey>Gulf Islands National Seashore</placekey>
<placekey>Hagerman Fossil Beds National Monument</placekey>
<placekey>Haleakala National Park</placekey>
<placekey>Hamilton Grange National Memorial</placekey>
<placekey>Hampton National Historic Site</placekey>
<placekey>Harpers Ferry National Historical Park</placekey>
<placekey>Harry S Truman National Historic Site</placekey>
<placekey>Hawai'i Volcanoes National Park</placekey>
<placekey>Herbert Hoover National Historic Site</placekey>
<placekey>Hohokam Pima National Monument</placekey>
<placekey>Home of Franklin D Roosevelt National Historic Site</placekey>
<placekey>Homestead National Monument</placekey>
<placekey>Hopewell Culture National Historical Park</placekey>
<placekey>Hopewell Furnace National Historic Site</placekey>
<placekey>Horseshoe Bend National Military Park</placekey>
<placekey>Hot Springs National Park</placekey>
<placekey>Hovenweep National Monument</placekey>
<placekey>Hubbell Trading Post National Historic Site</placekey>
<placekey>Ice Age National Scenic Trail</placekey>
<placekey>Independence National Historical Park</placekey>
<placekey>Indiana Dunes National Lakeshore</placekey>
<placekey>James A Garfield National Historic Site</placekey>
<placekey>Jean Lafitte National Historical Park and Preserve</placekey>
<placekey>Jefferson National Expansion Memorial</placekey>
<placekey>Jewel Cave National Monument</placekey>
<placekey>Jimmy Carter National Historic Site</placekey>
<placekey>John D. Rockefeller</placekey>
<placekey>John Fitzgerald Kennedy National Historic Site</placekey>
<placekey>John Muir National Historic Site</placekey>
<placekey>Joshua Tree National Park</placekey>
<placekey>Kalaupapa National Historical Park</placekey>
<placekey>Kaloko-Honokohau National Historical Park</placekey>
<placekey>Katmai National Park </placekey>
<placekey>Katmai National Preserve</placekey>
<placekey>Kenai Fjords National Park</placekey>
<placekey>Kennesaw Mountain National Battlefield Park</placekey>
<placekey>Keweenaw National Historic Park</placekey>
<placekey>Kings Canyon National Park</placekey>
<placekey>Kings Mountain National Military Park</placekey>
<placekey>Klondike Gold Rush National Historical Park</placekey>
<placekey>Knife River Indian Village National Historic Site</placekey>
<placekey>Kobuk Valley National Park</placekey>
<placekey>Korean War Veterans Memorial</placekey>
<placekey>Lake Chelan National Recreation Area</placekey>
<placekey>Lake Clark National Park </placekey>
<placekey>Lake Clark National Preserve</placekey>
<placekey>Lake Mead National Recreation Area</placekey>
<placekey>Lassen Volcanic National Park</placekey>
<placekey>Lava Beds National Monument</placekey>
<placekey>Lewis and Clark National Historic Trail</placekey>
<placekey>Lincoln Boyhood National Memorial</placekey>
<placekey>Lincoln Home National Historic Site</placekey>
<placekey>Lincoln Memorial</placekey>
<placekey>Little Bighorn Battlefield National Monument</placekey>
<placekey>Little Rock Central High School National Historic Site</placekey>
<placekey>Longfellow National Historic Site</placekey>
<placekey>Lower Saint Croix National Scenic Riverway</placekey>
<placekey>Lyndon Baines Johnson Memorial Grove</placekey>
<placekey>Maggie L. Walker National Historic Site</placekey>
<placekey>Mammoth Cave National Park</placekey>
<placekey>Manassas National Battlefield Park</placekey>
<placekey>Manzanar National Historic Site</placekey>
<placekey>Martin Luther King Jr Memorial</placekey>
<placekey>Martin Luther King Jr. National Historic Site</placekey>
<placekey>Mary McLeod Bethune Council House National Historic Site</placekey>
<placekey>Martin Van Buren National Historic Site</placekey>
<placekey>Mesa Verde National Park</placekey>
<placekey>Minuteman Missile National Historic Site</placekey>
<placekey>Minute Man National Historical Park</placekey>
<placekey>Mojave National Preserve</placekey>
<placekey>Monocacy National Battlefield</placekey>
<placekey>Montezuma Castle National Monument</placekey>
<placekey>Moores Creek National Battlefield</placekey>
<placekey>Morristown National Historical Park</placekey>
<placekey>Mount Rainier National Park</placekey>
<placekey>Mount Rushmore National Memorial</placekey>
<placekey>Muir Woods National Monument</placekey>
<placekey>Natchez National Historical Park</placekey>
<placekey>National Capital Parks</placekey>
<placekey>National Mall</placekey>
<placekey>Natural Bridges National Monument</placekey>
<placekey>Navajo National Monument</placekey>
<placekey>New Bedford Whaling National Historical Park</placekey>
<placekey>Nicodemus National Historic Site</placekey>
<placekey>Ninety Six National Historic Site</placekey>
<placekey>Niobrara National Scenic River</placekey>
<placekey>Noatak National Preserve</placekey>
<placekey>North Cascades National Park</placekey>
<placekey>Obed Wild and Scenic River</placekey>
<placekey>Olympic National Park</placekey>
<placekey>Oregon Caves National Monument</placekey>
<placekey>Organ Pipe Cactus National Monument</placekey>
<placekey>Ozark National Scenic Riverway</placekey>
<placekey>Padre Island National Seashore</placekey>
<placekey>Palo Alto National Historic Site</placekey>
<placekey>Pea Ridge National Military Park</placekey>
<placekey>Pennsylvania Avenue National Historic Site</placekey>
<placekey>Perry's Victory and International Peace Memorial</placekey>
<placekey>Petersburg National Battlefield</placekey>
<placekey>Petrified Forest National Park</placekey>
<placekey>Pictured Rocks National Lakeshore</placekey>
<placekey>Pinnacles National Monument</placekey>
<placekey>Pipe Spring National Monument</placekey>
<placekey>Pipestone Monument</placekey>
<placekey>Piscataway Park</placekey>
<placekey>Point Reyes National Seashore</placekey>
<placekey>Pu'uhonua o Honaunau National Historical Park</placekey>
<placekey>Pu'ukohola Heiau National Historic Site</placekey>
<placekey>Rainbow Bridge National Monument</placekey>
<placekey>Richmond National Battlefield</placekey>
<placekey>River Raisin National Battlefield Park</placekey>
<placekey>Rocky Mountain National Park</placekey>
<placekey>Ronald Reagan Boyhood Home National Historic Site</placekey>
<placekey>Rosie the Riveter/World War II Home Front National Historical Park</placekey>
<placekey>Ross Lake National Recreation Area</placekey>
<placekey>Russell Cave National Monument</placekey>
<placekey>Sagamore Hill National Historic Site</placekey>
<placekey>Saguaro National Park</placekey>
<placekey>Saint Croix National Scenic Riverway</placekey>
<placekey>Saint-Gaudens National Historic Site</placekey>
<placekey>Saint Paul's Church National Historic Site</placekey>
<placekey>Salem Maritime National Historic Site</placekey>
<placekey>Sand Creek Massacre National Historic Site</placekey>
<placekey>Salt River Bay National Historical Park</placekey>
<placekey>Santa Monica Mountains National Recreation Area</placekey>
<placekey>Scotts Bluff National Mounment</placekey>
<placekey>Selma to Montgomery National Historic Trail</placekey>
<placekey>Sequoia National Park</placekey>
<placekey>Shenandoah National Park</placekey>
<placekey>Sitka National Historical Park</placekey>
<placekey>Sleeping Bear Dunes National Lakeshore</placekey>
<placekey>Springfield Armory National Historic Site</placekey>
<placekey>Statue of Liberty National Monument</placekey>
<placekey>Sunset Crater Volcano National Monument</placekey>
<placekey>Tallgrass Prairie National Preserve</placekey>
<placekey>Thaddeus Kosciuszko National Memorial</placekey>
<placekey>Theodore Roosevelt National Park</placekey>
<placekey>Theodore Roosevelt Birthplace National Historic Site</placekey>
<placekey>Theodore Roosevelt Inaugural National Historic Site</placekey>
<placekey>Theodore Roosevelt Island National Memorial</placekey>
<placekey>Thomas Jefferson Memorial</placekey>
<placekey>Thomas Stone National Historic Site</placekey>
<placekey>Timpanogos Cave National Monument</placekey>
<placekey>Tonto National Monument</placekey>
<placekey>Tumacacori National Historical Park</placekey>
<placekey>Tupelo National Battlefield</placekey>
<placekey>Tuskegee Airmen National Historic Site</placekey>
<placekey>Tuzigoot National Monument</placekey>
<placekey>Ulysses S. Grant National Historic Site</placekey>
<placekey>Valley Forge National Historical Park</placekey>
<placekey>Vietnam Veterans Memorial</placekey>
<placekey>Virgin Islands Coral Reef National Monument</placekey>
<placekey>Voyageurs National Park</placekey>
<placekey>Walnut Canyon National Monument</placekey>
<placekey>War in the Pacific National Historical Park</placekey>
<placekey>Washington Monument</placekey>
<placekey>Washita Battlefield National Historic Site</placekey>
<placekey>Weir Farm National Historic Site</placekey>
<placekey>Whiskeytown-Shasta-Trinity National Recreation Area</placekey>
<placekey>White House</placekey>
<placekey>White Sands National Monument</placekey>
<placekey>Whitman Mission National Historic Site</placekey>
<placekey>William Howard Taft National Historic Site</placekey>
<placekey>Wilson's Creek National Battlefield</placekey>
<placekey>Wind Cave National Park</placekey>
<placekey>Wolf Trap Farm Park</placekey>
<placekey>Women's Rights National Historical Park</placekey>
<placekey>World War II Memorial</placekey>
<placekey>World War II Valor in the Pacific National Monument</placekey>
<placekey>Wrangell-St. Elias National Park</placekey>
<placekey>Wrangell-St. Elias National Preserve</placekey>
<placekey>Wright Brothers National Memorial</placekey>
<placekey>Wupatki National Monument</placekey>
<placekey>Yellowstone National Park</placekey>
<placekey>Yosemite National Park</placekey>
<placekey>Yucca House National Monument</placekey>
<placekey>Yukon-Charley Rivers National Preserve</placekey>
<placekey>Zion National Park</placekey>
</place></keywords><accconst>None</accconst><useconst>The data is intended for use as a tool for display and general GIS analysis purposes only. It is in no way intended for engineering or legal purposes. The data accuracy is checked against best available sources which may be dated. NPS assumes no liability for use of this data. Boundaries from the Land Resources Division have separate polygons for each type of unit. For example Denali National Park and Denali National Preserve are separate individual polygons.</useconst><ptcontac><cntinfo><cntperp><cntorg>National Park Service</cntorg></cntperp><cntpos>Chief Cartographer</cntpos><cntaddr><addrtype>mailing and physical address</addrtype><address>301 S. Howes St. Suite 208</address><city>Fort Collins</city><state>CO</state><postal>80522</postal><country>USA</country></cntaddr><cntemail>roger_m_johnson@nps.gov </cntemail><hours>M-Th 7-5:30 Mountain Time</hours></cntinfo></ptcontac><datacred>National Park Service</datacred><secinfo><secclass>Unclassified</secclass></secinfo><citeinfo>Microsoft Windows NT Version 4.0 (Build 1381) Service Pack 6; ESRI ArcCatalog 8.2.0.700</citeinfo><crossref><citeinfo><title>Metadata for Current Administrative Boundaries of National Park System Units 01/08/2007</title><onlink>http://nrdata.nps.gov/programs/lands/nps_boundary.xml</onlink><origin>National Park Service</origin><pubdate>20120606 </pubdate></citeinfo></crossref></idinfo><dataqual><complete>The data set is complete but subject to continual updates to reflect boundary amendments, legislation, and acquisitions, and improved processing techniques. The data is being regularly updated with verified boundaries from NPS Land Resources Division. Please contact the data originator with corrections and update suggestions.</complete><lineage><srcinfo><srccite><citeinfo><origin>Dean Tucker, Water Resource Division</origin><pubdate>Unpublished Material</pubdate><pubtime>Unknown</pubtime><title>NPSUnits</title><geoform>vector digital data</geoform><othercit>Park boundaries collected and digitized for the Horizon Project.</othercit></citeinfo></srccite><srctime><timeinfo><sngdate><caldate>unknown</caldate><time>unknown</time></sngdate></timeinfo><srccurr>publication date</srccurr></srctime></srcinfo><srcinfo><srccite><citeinfo><origin>David Duran, GIS Division </origin><pubdate>Unknown</pubdate><pubtime>Unknown</pubtime><title>ParkDave</title><geoform>vector digital data</geoform><othercit>Park boundaries collected from Parks and Regions in 2001.</othercit></citeinfo></srccite><srctime><timeinfo><sngdate><time>Unknown</time></sngdate></timeinfo></srctime></srcinfo><srcinfo><srccite><citeinfo><origin>Roger Johnson</origin><pubdate>Present</pubdate><pubtime>Unknown</pubtime><title>unit classification boundaries</title><geoform>vector digital data</geoform><othercit>Land Rersources Division has been creating hardcopy segment maps containing boundary data since the 1960's. This data is currently being converted to a digital vector format and added to the collection as it become available. Additionally as existing boundary data is modified and/or new parks units units are acquired they are added to the collection.</othercit></citeinfo></srccite><srctime><timeinfo><sngdate><time>Unknown</time></sngdate></timeinfo></srctime></srcinfo><procstep><procdesc>Boundary polygons for several units were verified data from the Lands Resources Division (LRD) according to the procedures defined in the Lands Acquisition Procedures Manual Chapter 5. Boundary data from LRD has separate polygons for individual types of units like Denali National Park and Denali National Preserve. Lands records in the dataset that can be identified by querying for [GIS_Notes] = "Lands" in the attribute table. These parks include: Abraham Lincoln Birthplace National Historic Site (ABLI), Adams National Historical Park (ADAM), African Burial Ground National Monument (AFBG), Agate Fossil Beds National Monument (AGFO), Alagnak Wild River (ALAG), Alibates Flint Quarries National Monument (ALFL), Andersonville National Historic Site (ANDE), Andrew Johnson National Historic Site (ANJO), Aniakchak National Monument and Preserve (ANIA), Antietam National Battlefield (ANTI), Appomattox Court House National Historical Park (APCO), Arches National Park (ARCH), Arkansas Post National Memorial (ARPO), Arlington House - Robert E. Lee Memorial (ARHO), Aztec Ruins National Monument (AZRU), Badlands National Park (BADL), Bering Land Bridge National Preserve (BELA), Bent's Old Fort National Historic Site (BEOL), Bighorn Canyon National Recreation Area (BICA), Biscayne National Park (BISC), Black Canyon of the Gunnison National Park (BLCA), Booker T. Washington National Monument (BOWA), Boston National Historical Park (BOST), Boston African American (BOAF), Boston Harbor Islands National Recreation Area (BOHA), Bryce Canyon National Park (BRCA), Brices Cross Roads National Battlefield Site (BRCR), Brown v Board of Education National Historic Site (BRVB), Buck Island Reef National Monument (BUIS). Buffalo National River (BUFF), Cabrillo National Monument (CABR), Canaveral National Seashore (CANA), Cane River Creole National Historical Park (CARI), Canyonlands National Park (CANY), Capitol Reef national Park (CARE),Carl Sandburg Home (CARL), Cape Krusenstern National Monument (CAKR), Capulin Volcano National Monument (CAVO), Carlsbad Caverns National Park (CAVE), Carter G. Woodson National Historic Site (CAWO), Casa Grande Ruins National Monument (CAGR), Castillo de San Marcos National Monument (CASA), Castle Clinton Monument (CACL), Catoctin Mountain Park (CATO), Cedar Breaks National Monument (CEBR), Cedar Creek and Belle Grove (CEBE), Chaco Culture National Historical Park (CHCU), Charles Pinckney National Historic Site (CHPI), Chickasaw National Recreation Area (CHIC), Chiricahua National Monument (CHIR), Chamizal National Memorial (CHAM), Channel Islands National Park (CHIS), Christiansted National Historic Site (CHRI), City of Rocks National Reserve (CIRO), Clara Barton National Historic Site (CLBA), Colorado National Monument (COLM), Constitution Gardens (COGA), Coronado National Memorial (CORO), Cowpens National Battlefield (COWP), Cumberland Gap National Historical Park (CUGA), Cuyahoga Valley National Park (CUVA), Dayton Aviation Heritage National Historical Park (DAAV), Denali National Park (DENA), De Soto National Memorial (DESO), Devils Postpile National Monument (DEPO), Devils Tower National Monument (DETO), Dry Tortugas National Park (DRTO), Edgar Allan Poe National Historic Site (EDAL), Edison National Historic Site (EDIS), Effigy Mounds National Monument (EFMO), Eisenhower National Historic Site (EISE), El Morro National Mounment (ELMO), Eleanor Roosevelt National Historic Site (ELRO), Eugene O'Neill National Historic Site (EUON), Federal Hall National Memorial (FEHA), First Ladies National Historic Site (FILA), Flight 93 National Memorial (FLNI), Florissant Fossil Beds (FLFO), Ford's Theatre National Historic Site (FOTH), Fort Bowie National Historic Site (FOBO), Fort Davis National Historic Site (FODA), Fort Donelson National Battlefield (FODO), Fort Frederica National Monument (FOFR), Fort Laramie National Historic Site (FOLA), Fort Larned National Historic Site (FOLS), Fort Matanzas National Monument (FOMA), Fort Necessity National Battlefield (FONE), Fort Point National Historic Site (FOPO), Fort Pulaski National Monument (FOPU), Fort Scott National Historic Site (FOSC), Fort Smith National Historic Site (FOSM), Fort Stanwix National Monument (FOST), Fort Sumter National Monument (FOSU), Fort Union National Monument (FOUN), Fort Union Trading Post National Historic Site (FOUS), Fort Vancouver National Historic Site (FOVA), Fort Washington Park (FOWA), Fossil Butte National Monument (FOBU), Franklin Delano Roosevelt Memorial (FRDE), Frederick Douglass National Historic Site (FRDO), Friendship Hill National Historic Site (FRHI), Gates of the Arctic National Park (GAAR), General Grant National Memorial (GEGR), George Rogers Clark National Historical Park (GERO), George Washington Carver National Monument (GWCA), Gettysburg National Military Park (GETT), Grand Portage Nationam Monument (GRPO), Greenbelt Park (GREE),George Washington Memorial Parkway (GWMP), Gila Cliff Dwellings National Monument (GICL), Glacier Bay National Park (GLBA), Glen Canyon National Recreation Area (GLCA), Golden Gate National Recreation Area (GOGA), Golden Spike National Historic Site (GOSP), Governors Island National Monument (GOIS), Grand Teton National Park (GRTE), Grant-Kohrs Ranch National Historic Site (GRKO), Great Basin National Park (GRBA), Great Sand Dunes National Park and Preserve (GRSA), Guadalupe Mountains National Park (GUMO), Gulf Islands National Seashore (GUIS), Hagerman Fossil Beds National Monument (HAFO), Haleakala National Park (HALE), Hamilton Grange National Memorial (HAGR), Hampton National Historic Site (HAMP), Harpers Ferry National Historical Park (HAFE), Harry S Truman National Historic Site (HSTR), Hawai'i Volcanoes National Park (HAVO), Herbert Hoover National Historic Site (HEHO), Hohokam Pima National Monument (PIMA), Home of Franklin D Roosevelt National Historic Site (HOFR), Homestead National Monument (HOME), Hopewell Culture National Historical Park (HOCU), Hopewell Furnace National Historic Site (HOFU), Horseshoe Bend National Military Park (HOBE), Hot Springs National Park (HOSP), Hovenweep National Monument (HOVE), Hubbell Trading Post National Historic Site (HUTR), Ice Age National Scenic Trail (IATR), Indiana Dunes National Lakeshore (INDU), James A Garfield National Historic Site (JAGA), Jean Lafitte National Historical Park and Preserve (JELA), Jefferson National Expansion Memorial (JEFF), Jewel Cave National Mounment (JECA), Jimmy Carter National Historic Site (JICA), John D. Rockefeller, Jr. Memorial Parkway (JODR), John Fitzgerald Kennedy National Historic Site (JOFI), John Muir National Historic Site (JOMU), Joshua Tree National Park (JOTR), Kalaupapa National Historical Park (KALA), Kaloko-Honokohau National Historical Park (KAHO), Katmai National Park (KATM), Kenai Fjords National Park (KEFJ), Kennesaw Mountain National Battlefield Park (KEMO), Keweenaw National Historical Park (KEWE), Kings Canyon National Park (KICA), Kings Mountain National Military Park (KIMO), Klondike Gold Rush National Historical Park (KLGO), Knife River Indian Villages National Historic Site (KNRI), Kobuk Valley National Park (KOVA), Korean War Veterans Memorial (KOWA), Lake Clark National Park (LACL), Lake Mead National Recreation Area (LAKE), Lassen Volcanic National Park (LAVO), Lewis and Clark National Historic Trail (LECL), Lincoln Boyhood National Memorial (LIBO), Lincoln Home National Historic Site (LIHO), Little Rock Central High School National Historic Site (CHSC), Lava Bed National Monument (LABE), Lincoln Memorial (LINC), Little Bighorn Battlefield National Monument (LIBI), Longfellow National Historic Site (LONG), Lyndon Baines Johnson Memorial Grove (LYBA), Maggie L. Walker National Historic Site (MAWA), Mammoth Cave National Park (MACA), Manassas National Battlefield Park (MANA), Manzanar National Historic Site (MANZ), Martin Luther King Jr Memorial (MLKM), Martin Luther King Jr. National Historic Site (MALU), Martin Van Buren National Historic Site (MAVA), Mesa Verde National Park (MEVE), Mary McLeod Bethune Council House National Historic Site (MABE), Minute Man National Historical Park (MIMA), Minuteman Missile National Historic Site (MIMI), Mojave National Preserve (MOJA), Monocacy National Battlefield (MONO), Montezuma Castle National Monument (MOCA), Moores Creek National Battlefield (MOCR), Morristown National Historical Park (MORR), Mount Rainier National Park (MORA), Mount Rushmore National Memorial (MORU), Natchez National Historical Park (NATC), National Capital Parks (NACA), National Mall (MALL), Natural Bridges National Monument (NABR), Navajo National Monument (NAVA), New Bedford Whaling National Historical Park (NEBE), Nicodemus National Historic Site (NICO), Ninety Six National Historic Site (NISI), Niobrara National Scenic River (NIOB), Noatak National Preserve (NOAT), Oregon Caves National Monument (ORCA), Organ Pipe Cactus National Monument (ORPI), Ozark National Scenic Riverway (OZAR), Padre Island National Seashore (PAIS), Palo Alto Battlefield National Historic Site (PAAL), Pea Ridge National Military Park (PERI), Pecos National Historical Park (PECO), Pennsylvania Avenue National Historic Site (PAAV), Perry's Victory and International Peace Memorial (PEVI), Petersburg National Battlefield (PETE), Petrified Forest National Park (PEFO), Pictured Rocks National Lakeshore (PIRO), Pinnacles National Monument (PINN), Pipe Spring Nationam Monument (PISP), Pipestone National Monument (PIPE), Piscataway Park (PISC), Point Reyes National Seashore (PORE), President William Jefferson Clinton Birthplace Home National Historic Site (WICL), Pu'uhonua o Honaunau National Historical Park (PUHO), Pu'ukohola Heiau National Historic Site (PUHE), Rainbow Bridge National Monument (RABR), River Raisin National Battlefield Park (RIRA), Rocky Mountain National Park (ROMO), Ronald Reagan Boyhood Home National Historic Site (RRBH), Rosie the Riveter/World War II Home Front National Historical Park (RORI), Russell Cave National Monument (RUCA), Sagamore Hill National Historic Site (SAHI), Saguaro National Park (SAGU), Salt River Bay National Historical Park (SARI), Saint-Gaudens National Historic Site (SAGA), Saint Paul's Church National Historic Site (SAPA), Salem Maritime National Historic Site (SAMA), Santa Monica Mountains National Recreation Area (SAMO), Sand Creek Massacre National Historic Site (SAND), Scotts Bluff National Mounment (SCBL), Selma to Montgomery National Historic Trail (SEMO), Sequoia National Park (SEQU), Sitka National Historical Park (SITK), Springfield Armory National Historic Site (SPAR), Sunset Crater Volcano National Monument (SUCR), Tallgrass Prairie National Preserve (TAPR), Thaddeus Kosciuszko National Memorial (THKO), Theodore Roosevelt National Park (THRO), Theodore Roosevelt Birthplace National Historic Site (THRB), Theodore Roosevelt Inaugural National Historic Site (THRI), Theodore Roosevelt Island National Memorial (THIS), Thomas Jefferson Memorial (JEFM), Thomas Stone National Historic Site (THST), Timpanogos Cave National Monument (TICA), Tonto National Monument (TONT), Tumacacori National Historical Park (TUMA), Tupelo National Battlefield (TUPE), Tuskegee Airmen National Historic Site (TUAI), Tuzigoot National Monument (TUZI), Ulysses S. Grant National Historic Site (ULSG), Valley Forge National Historical Park (VAFO), Vietnam Veterans Memorial (VIVE), Virgin Islands Coral Reef National Monument(VICR), Voyageurs National Park (VOYA), Walnut Canyon National Monument (WACA). War in the Pacific National Historical Park (WAPA), Washington Monument (WAMO), Washita Battlefield National Historic Site (WABA), Weir Farm National Historic Site (WEFA), White House (WHHO), White Sands National Monument (WHSA), Whitman Mission National Historic Site (WHMI), Whiskeytown-Shasta-Trinity National Recreation Area (WHIS), William Howard Taft National Historic Site (WIHO), Wilson's Creek National Battlefield (WICR), Wind Cave National Park (WICA), Wolf Trap Farm Park (WOTR), Women's Rights National Historical Park (WORI), World War II Memorial (WWII), World War II Valor in the Pacific National Monument (VALR), Wrangell-St. Elias National Park (WRST), Wright Brothers National Memorial (WRBR), Wupatki National Monument (WUPA), Yellowstone National Park (YELL), Yosemite National Park (YOSE), Yucca House National Monument (YUHO), Yukon-Charley Rivers (YUCH), Zion National Park (ZION)</procdesc><procdate>20120606</procdate><proccont><cntinfo><cntperp><cntorg>National Park Service</cntorg></cntperp><cntpos>Land Resources Division Chief Cartographer</cntpos><cntaddr><addrtype>mailing and physical address</addrtype><address>301 S. Howes St. Suite 208</address><city>Fort Collins</city><state>CO</state><postal>80522</postal><country>USA</country></cntaddr><cntemail>PPFL_LandsNET@NPS.GOV</cntemail><hours>M-F 7:30-5:00 Mountain Time</hours></cntinfo></proccont></procstep><procstep><procdesc>Two sets of boundaries were collected and compared. The main set was obtained from David Duran, who collected boundaries from each region in the summer of 2001. The second set was obtained from Dean Tucker, who digitized boundaries for the Horizon Project. The main set from David Duran was determined to contain the most recent boundary information. Parks missing from David's set were added from Deans set. Those parks are..........Antietam NB Arlington House,Benjamin Franklin NMEM, Big Hole NB, Catoctin Mountain Park, Chesapeake and Ohio Canal NHP, Chimney Rock NHS, Fort Point NHS, Fredericksburg NC, George Washington Memorial Parkway, Green Springs, Harpers Ferry NHP, International Peace Garden, John F. Kennedy Center for the Performing Arts, Kalaupapa NHP, Manassas NBP, Monocacy NB, National Capital Parks - Central and East, Olympic NP, Prince William Forest Park, Rock Creek Park, San Francisco Maritime NHP, Thaddeus Kosciuszko NMEM, and Wolf Trap Farm Park for the Performing Arts. Park/Region staff were consulted for parks with major differences between the two sets. </procdesc><procdate>2002</procdate><proccont><cntinfo><cntperp><cntorg>National Park Service</cntorg></cntperp><cntpos>GIS Specialist/Cooperator</cntpos><cntaddr><addrtype>mailing and physical address</addrtype><address>1201 Oakridge Drive Suite 200</address><city>Fort Collins</city><state>CO</state><postal>80525</postal><country>USA</country></cntaddr><cntemail>waso-nrpc_nrgis@nps.gov </cntemail><hours>M-F 8-5 Mountain Time</hours></cntinfo></proccont></procstep><procstep><procdesc>Dataset copied.</procdesc></procstep><procstep><procdesc>Boundaries were updated with data provided by National Parks or Regional Offices.</procdesc></procstep></lineage><cloud>Unknown</cloud></dataqual><spdoinfo><direct>Vector</direct><ptvctinf><sdtsterm><sdtstype>Complete chain</sdtstype><ptvctcnt>4225</ptvctcnt></sdtsterm><sdtsterm><sdtstype>Label point</sdtstype><ptvctcnt>0</ptvctcnt></sdtsterm><sdtsterm><sdtstype>GT-polygon composed of chains</sdtstype><ptvctcnt>2629</ptvctcnt></sdtsterm><sdtsterm><sdtstype>Point</sdtstype><ptvctcnt>4</ptvctcnt></sdtsterm><sdtsterm><sdtstype>Label point</sdtstype><ptvctcnt>0</ptvctcnt></sdtsterm><sdtsterm><sdtstype>Composite object</sdtstype><ptvctcnt>482</ptvctcnt></sdtsterm></ptvctinf></spdoinfo><spref><horizsys><geograph><latres>0.000002</latres><longres>0.000002</longres><geogunit>Decimal degrees</geogunit></geograph><geodetic><horizdn>North American Datum of 1983</horizdn><ellips>Geodetic Reference System 80</ellips><semiaxis>6378137.000000</semiaxis><denflat>298.257222</denflat></geodetic></horizsys></spref><eainfo><detailed><attr><attrlabl>Shape</attrlabl><attrdef>Feature geometry.</attrdef><attrdefs>ESRI</attrdefs><attrdomv><udom>Coordinates defining the features.</udom></attrdomv></attr><attr><attrlabl>GIS_Loc_ID</attrlabl><attrdef>Primary key for linking geospatial objects with other database systems.</attrdef></attr><attr><attrlabl>Unit_Code</attrlabl><attrdef>Four letter code to define the National Park unit.</attrdef></attr><attr><attrlabl>Group_Code</attrlabl><attrdef>Four letter code to define administration of the National Park unit.</attrdef></attr><attr><attrlabl>Unit_Name</attrlabl><attrdef>Name of the National Park unit.</attrdef></attr><attr><attrlabl>Unit_Type</attrlabl><attrdef>Type of unit boundary (i.e. Park, Preserve, Memorial, Monument...)</attrdef></attr><attr><attrlabl>Meta_MIDF</attrlabl><attrdef>Foregin key to link the primary key and metadata record in NR-GIS Data Store.</attrdef></attr><attr><attrlabl>Lands_Code</attrlabl><attrdef>Unique alpha-numeric string use by LRD to tract the geospatial object.</attrdef></attr><attr><attrlabl>Date_Edit</attrlabl><attrdef>The last update or offical review of the object</attrdef></attr><attr><attrlabl>GIS_Notes</attrlabl><attrdef>Free text.</attrdef></attr></detailed><overview><eaover>Attributes are as follows: Shape, GIS_Loc_ID, Unit_Code, Group_Code, Unit_Name, Unit_Type, Meta_MIDF, Lands_Code, Date_Edit, GIS_Notes</eaover></overview></eainfo><distinfo><distliab>The National Park Service shall not be held liable for improper or incorrect use of the data described and/or contained herein. These data and related graphics are not legal documents and are not intended to be used as such. The information contained in these data is dynamic and may change over time. The data are not better than the original sources from which they were derived. It is the responsibility of the data user to use the data appropriately and consistent within the limitations of geospatial data in general and these data in particular. The related graphics are intended to aid the data user in acquiring relevant data; it is not appropriate to use the related graphics as data. The National Park Service gives no warranty, expressed or implied, as to the accuracy, reliability, or completeness of these data. It is strongly recommended that these data are directly acquired from an NPS server and not indirectly through other sources which may have changed the data in some way. Although these data have been processed successfully on a computer system at the National Park Service, no warranty expressed or implied is made regarding the utility of the data on another system or for general or scientific purposes, nor shall the act of distribution constitute any such warranty. This disclaimer applies both to individual use of the data and aggregate use with other data.</distliab><resdesc>Downloadable Data</resdesc><stdorder><digform><digtinfo><transize>5.693</transize><formname>SHP</formname></digtinfo><digtopt><onlinopt><computer><networka><networkr>http://nrdata.nps.gov/programs/lands/nps_boundary.zip </networkr></networka></computer></onlinopt></digtopt></digform></stdorder><techpreq>Must have access to GIS software such as ESRI's ArcView
   or ArcInfo, or other compatible software, to view the data</techpreq><availabl><timeinfo><sngdate><caldate>20010301</caldate><time>Unknown</time></sngdate></timeinfo></availabl></distinfo><metainfo><metrd>20120606 </metrd><metfrd>20031002</metfrd><metc><cntinfo><cntorgp><cntorg>NPS Land Resources Division</cntorg><cntper>Roger Johnson</cntper></cntorgp><cntpos>Chief Cartographer</cntpos><cntaddr><addrtype>Mailing and physical address</addrtype><address>301 S. Howes St. Suite 208</address><city>Fort Collins</city><state>Colorado</state><postal>80522</postal><country>USA</country></cntaddr><cntvoice>970-484-6428</cntvoice><cntfax>970-484-6432</cntfax><cntemail>roger_m_johnson@nps.gov</cntemail><hours>M-Th 7-5:30 Mountain Time</hours></cntinfo></metc><metstdn>FGDC Content Standards for Digital Geospatial Metadata</metstdn><metstdv>FGDC-STD-001-1998</metstdv><mettc>local time</mettc><metac>None</metac><metuc>None</metuc><metsi><metsc>Unclassified</metsc></metsi><metextns><onlink>http://www.esri.com/metadata/esriprof80.html</onlink><metprof>ESRI Metadata Profile</metprof></metextns><metd>20120606 </metd></metainfo><NPS_Info><MetaPurp>NPS</MetaPurp><MetaPurp>CSDGM</MetaPurp><MetaPurp>OnlineData</MetaPurp><NPS_Unit><UnitType>Office</UnitType><UnitCode>GISD</UnitCode></NPS_Unit>
<NPS_Unit>
<UnitType>NPS-wide Data</UnitType> 
<UnitCode>All_NPS</UnitCode> 
</NPS_Unit>
<NPS_Unit>
<UnitCode>ABLI</UnitCode> 
<UnitType>Park</UnitType> 
</NPS_Unit>
<NPS_Unit>
<UnitCode>ADAM</UnitCode> 
<UnitType>Park</UnitType> 
</NPS_Unit>
<NPS_Unit>
<UnitCode>AFBG</UnitCode> 
<UnitType>Park</UnitType> 
</NPS_Unit>
<NPS_Unit>
<UnitCode>ALAG</UnitCode> 
<UnitType>Park</UnitType> 
</NPS_Unit>
<NPS_Unit>
<UnitCode>AGFO</UnitCode> 
<UnitType>Park</UnitType> 
</NPS_Unit>
<NPS_Unit>
<UnitCode>ALFL</UnitCode> 
<UnitType>Park</UnitType> 
</NPS_Unit>
<NPS_Unit>
<UnitCode>ANDE</UnitCode> 
<UnitType>Park</UnitType> 
</NPS_Unit>
<NPS_Unit>
<UnitCode>ANIA</UnitCode> 
<UnitType>Park</UnitType> 
</NPS_Unit>
<NPS_Unit>
<UnitCode>ANJO</UnitCode> 
<UnitType>Park</UnitType> 
</NPS_Unit>
<NPS_Unit>
<UnitCode>ANTI</UnitCode> 
<UnitType>Park</UnitType> 
</NPS_Unit>
<NPS_Unit>
<UnitCode>APCO</UnitCode> 
<UnitType>Park</UnitType> 
</NPS_Unit>
<NPS_Unit>
<UnitCode>ARCH</UnitCode> 
<UnitType>Park</UnitType> 
</NPS_Unit>
<NPS_Unit>
<UnitCode>ARHO</UnitCode> 
<UnitType>Park</UnitType> 
</NPS_Unit>
<NPS_Unit>
<UnitCode>ARPO</UnitCode> 
<UnitType>Park</UnitType> 
</NPS_Unit>
<NPS_Unit>
<UnitCode>AZRU</UnitCode> 
<UnitType>Park</UnitType> 
</NPS_Unit>
<NPS_Unit>
<UnitCode>BADL</UnitCode> 
<UnitType>Park</UnitType> 
</NPS_Unit>
<NPS_Unit>
<UnitCode>BELA</UnitCode> 
<UnitType>Park</UnitType> 
</NPS_Unit>
<NPS_Unit>
<UnitCode>BEOL</UnitCode> 
<UnitType>Park</UnitType> 
</NPS_Unit>
<NPS_Unit>
<UnitCode>BICA</UnitCode> 
<UnitType>Park</UnitType> 
</NPS_Unit>
<NPS_Unit>
<UnitCode>BISC</UnitCode> 
<UnitType>Park</UnitType> 
</NPS_Unit>
<NPS_Unit>
<UnitCode>BLCA</UnitCode> 
<UnitType>Park</UnitType> 
</NPS_Unit>
<NPS_Unit>
<UnitCode>BOAF</UnitCode> 
<UnitType>Park</UnitType> 
</NPS_Unit>
<NPS_Unit>
<UnitCode>BOHA</UnitCode> 
<UnitType>Park</UnitType> 
</NPS_Unit>
<NPS_Unit>
<UnitCode>BOST</UnitCode> 
<UnitType>Park</UnitType> 
</NPS_Unit>
<NPS_Unit>
<UnitCode>BOWA</UnitCode> 
<UnitType>Park</UnitType> 
</NPS_Unit>
<NPS_Unit>
<UnitCode>BRCA</UnitCode> 
<UnitType>Park</UnitType> 
</NPS_Unit>
<NPS_Unit>
<UnitCode>BRCR</UnitCode> 
<UnitType>Park</UnitType> 
</NPS_Unit>
<NPS_Unit>
<UnitCode>BRVB</UnitCode> 
<UnitType>Park</UnitType> 
</NPS_Unit>
<NPS_Unit>
<UnitCode>BUIS</UnitCode> 
<UnitType>Park</UnitType> 
</NPS_Unit>
<NPS_Unit>
<UnitCode>BUFF</UnitCode> 
<UnitType>Park</UnitType> 
</NPS_Unit>
<NPS_Unit>
<UnitCode>CABR</UnitCode> 
<UnitType>Park</UnitType> 
</NPS_Unit>
<NPS_Unit>
<UnitCode>CACL</UnitCode> 
<UnitType>Park</UnitType> 
</NPS_Unit>
<NPS_Unit>
<UnitCode>CAGR</UnitCode> 
<UnitType>Park</UnitType> 
</NPS_Unit>
<NPS_Unit>
<UnitCode>CAKR</UnitCode> 
<UnitType>Park</UnitType> 
</NPS_Unit>
<NPS_Unit>
<UnitCode>CANA</UnitCode> 
<UnitType>Park</UnitType> 
</NPS_Unit>
<NPS_Unit>
<UnitCode>CANY</UnitCode> 
<UnitType>Park</UnitType> 
</NPS_Unit>
<NPS_Unit>
<UnitCode>CARE</UnitCode> 
<UnitType>Park</UnitType> 
</NPS_Unit>
<NPS_Unit>
<UnitCode>CARI</UnitCode> 
<UnitType>Park</UnitType> 
</NPS_Unit>
<NPS_Unit>
<UnitCode>CARL</UnitCode> 
<UnitType>Park</UnitType> 
</NPS_Unit>
<NPS_Unit>
<UnitCode>CAVO</UnitCode> 
<UnitType>Park</UnitType> 
</NPS_Unit>
<NPS_Unit>
<UnitCode>CAVE</UnitCode> 
<UnitType>Park</UnitType> 
</NPS_Unit>
<NPS_Unit>
<UnitCode>CAWO</UnitCode> 
<UnitType>Park</UnitType> 
</NPS_Unit>
<NPS_Unit>
<UnitCode>CASA</UnitCode> 
<UnitType>Park</UnitType> 
</NPS_Unit>
<NPS_Unit>
<UnitCode>CATO</UnitCode> 
<UnitType>Park</UnitType> 
</NPS_Unit>
<NPS_Unit>
<UnitCode>CEBE</UnitCode> 
<UnitType>Park</UnitType> 
</NPS_Unit>
<NPS_Unit>
<UnitCode>CEBR</UnitCode> 
<UnitType>Park</UnitType> 
</NPS_Unit>
<NPS_Unit>
<UnitCode>CHAM</UnitCode> 
<UnitType>Park</UnitType> 
</NPS_Unit>
<NPS_Unit>
<UnitCode>CHCU</UnitCode> 
<UnitType>Park</UnitType> 
</NPS_Unit>
<NPS_Unit>
<UnitCode>CHIC</UnitCode> 
<UnitType>Park</UnitType> 
</NPS_Unit>
<NPS_Unit>
<UnitCode>CHSC</UnitCode> 
<UnitType>Park</UnitType> 
</NPS_Unit>
<NPS_Unit>
<UnitCode>CHIR</UnitCode> 
<UnitType>Park</UnitType> 
</NPS_Unit>
<NPS_Unit>
<UnitCode>CHIS</UnitCode> 
<UnitType>Park</UnitType> 
</NPS_Unit>
<NPS_Unit>
<UnitCode>CHPI</UnitCode> 
<UnitType>Park</UnitType> 
</NPS_Unit>
<NPS_Unit>
<UnitCode>CHRI</UnitCode> 
<UnitType>Park</UnitType> 
</NPS_Unit>
<NPS_Unit>
<UnitCode>CIRO</UnitCode> 
<UnitType>Park</UnitType> 
</NPS_Unit>
<NPS_Unit>
<UnitCode>CLBA</UnitCode> 
<UnitType>Park</UnitType> 
</NPS_Unit>
<NPS_Unit>
<UnitCode>COGA</UnitCode> 
<UnitType>Park</UnitType> 
</NPS_Unit>
<NPS_Unit>
<UnitCode>COLM</UnitCode> 
<UnitType>Park</UnitType> 
</NPS_Unit>
<NPS_Unit>
<UnitCode>CORO</UnitCode> 
<UnitType>Park</UnitType> 
</NPS_Unit>
<NPS_Unit>
<UnitCode>COWP</UnitCode> 
<UnitType>Park</UnitType> 
</NPS_Unit>
<NPS_Unit>
<UnitCode>CUGA</UnitCode> 
<UnitType>Park</UnitType> 
</NPS_Unit>
<NPS_Unit>
<UnitCode>CUVA</UnitCode> 
<UnitType>Park</UnitType> 
</NPS_Unit>
<NPS_Unit>
<UnitCode>DAAV</UnitCode> 
<UnitType>Park</UnitType> 
</NPS_Unit>
<NPS_Unit>
<UnitCode>DENA</UnitCode> 
<UnitType>Park</UnitType> 
</NPS_Unit>
<NPS_Unit>
<UnitCode>DEPO</UnitCode> 
<UnitType>Park</UnitType> 
</NPS_Unit>
<NPS_Unit>
<UnitCode>DESO</UnitCode> 
<UnitType>Park</UnitType> 
</NPS_Unit>
<NPS_Unit>
<UnitCode>DETO</UnitCode> 
<UnitType>Park</UnitType> 
</NPS_Unit>
<NPS_Unit>
<UnitCode>DRTO</UnitCode> 
<UnitType>Park</UnitType> 
</NPS_Unit>
<NPS_Unit>
<UnitCode>EDIS</UnitCode> 
<UnitType>Park</UnitType> 
</NPS_Unit>
<NPS_Unit>
<UnitCode>EDAL</UnitCode> 
<UnitType>Park</UnitType> 
</NPS_Unit>
<NPS_Unit>
<UnitCode>EFMO</UnitCode> 
<UnitType>Park</UnitType> 
</NPS_Unit>
<NPS_Unit>
<UnitCode>EISE</UnitCode> 
<UnitType>Park</UnitType> 
</NPS_Unit>
<NPS_Unit>
<UnitCode>ELMO</UnitCode> 
<UnitType>Park</UnitType> 
</NPS_Unit>
<NPS_Unit>
<UnitCode>ELRO</UnitCode> 
<UnitType>Park</UnitType> 
</NPS_Unit>
<NPS_Unit>
<UnitCode>EUON</UnitCode> 
<UnitType>Park</UnitType> 
</NPS_Unit>
<NPS_Unit>
<UnitCode>FEHA</UnitCode> 
<UnitType>Park</UnitType> 
</NPS_Unit>
<NPS_Unit>
<UnitCode>FRDE</UnitCode> 
<UnitType>Park</UnitType> 
</NPS_Unit>
<NPS_Unit>
<UnitCode>FILA</UnitCode> 
<UnitType>Park</UnitType> 
</NPS_Unit>
<NPS_Unit>
<UnitCode>FLFO</UnitCode> 
<UnitType>Park</UnitType> 
</NPS_Unit>
<NPS_Unit>
<UnitCode>FLNI</UnitCode> 
<UnitType>Park</UnitType> 
</NPS_Unit>
<NPS_Unit>
<UnitCode>FODA</UnitCode> 
<UnitType>Park</UnitType> 
</NPS_Unit>
<NPS_Unit>
<UnitCode>FODO</UnitCode> 
<UnitType>Park</UnitType> 
</NPS_Unit>
<NPS_Unit>
<UnitCode>FOFR</UnitCode> 
<UnitType>Park</UnitType> 
</NPS_Unit>
<NPS_Unit>
<UnitCode>FOBO</UnitCode> 
<UnitType>Park</UnitType> 
</NPS_Unit>
<NPS_Unit>
<UnitCode>FOBU</UnitCode> 
<UnitType>Park</UnitType> 
</NPS_Unit>
<NPS_Unit>
<UnitCode>FOLA</UnitCode> 
<UnitType>Park</UnitType> 
</NPS_Unit>
<NPS_Unit>
<UnitCode>FOLS</UnitCode> 
<UnitType>Park</UnitType> 
</NPS_Unit>
<NPS_Unit>
<UnitCode>FOMA</UnitCode> 
<UnitType>Park</UnitType> 
</NPS_Unit>
<NPS_Unit>
<UnitCode>FONE</UnitCode> 
<UnitType>Park</UnitType> 
</NPS_Unit>
<NPS_Unit>
<UnitCode>FOPO</UnitCode> 
<UnitType>Park</UnitType> 
</NPS_Unit>
<NPS_Unit>
<UnitCode>FOPU</UnitCode> 
<UnitType>Park</UnitType> 
</NPS_Unit>
<NPS_Unit>
<UnitCode>FOSM</UnitCode> 
<UnitType>Park</UnitType> 
</NPS_Unit>
<NPS_Unit>
<UnitCode>FOSC</UnitCode> 
<UnitType>Park</UnitType> 
</NPS_Unit>
<NPS_Unit>
<UnitCode>FOST</UnitCode> 
<UnitType>Park</UnitType> 
</NPS_Unit>
<NPS_Unit>
<UnitCode>FOSU</UnitCode> 
<UnitType>Park</UnitType> 
</NPS_Unit>
<NPS_Unit>
<UnitCode>FOTH</UnitCode> 
<UnitType>Park</UnitType> 
</NPS_Unit>
<NPS_Unit>
<UnitCode>FOUN</UnitCode> 
<UnitType>Park</UnitType> 
</NPS_Unit>
<NPS_Unit>
<UnitCode>FOUS</UnitCode> 
<UnitType>Park</UnitType> 
</NPS_Unit>
<NPS_Unit>
<UnitCode>FOVA</UnitCode> 
<UnitType>Park</UnitType> 
</NPS_Unit>
<NPS_Unit>
<UnitCode>FOWA</UnitCode> 
<UnitType>Park</UnitType> 
</NPS_Unit>
<NPS_Unit>
<UnitCode>FRDO</UnitCode> 
<UnitType>Park</UnitType> 
</NPS_Unit>
<NPS_Unit>
<UnitCode>FRHI</UnitCode> 
<UnitType>Park</UnitType> 
</NPS_Unit>
<NPS_Unit>
<UnitCode>GAAR</UnitCode> 
<UnitType>Park</UnitType> 
</NPS_Unit>
<NPS_Unit>
<UnitCode>GEGR</UnitCode> 
<UnitType>Park</UnitType> 
</NPS_Unit>
<NPS_Unit>
<UnitCode>GERO</UnitCode> 
<UnitType>Park</UnitType> 
</NPS_Unit>
<NPS_Unit>
<UnitCode>GETT</UnitCode> 
<UnitType>Park</UnitType> 
</NPS_Unit>
<NPS_Unit>
<UnitCode>GREE</UnitCode> 
<UnitType>Park</UnitType> 
</NPS_Unit>
<NPS_Unit>
<UnitCode>GRTE</UnitCode> 
<UnitType>Park</UnitType> 
</NPS_Unit>
<NPS_Unit>
<UnitCode>GWCA</UnitCode> 
<UnitType>Park</UnitType> 
</NPS_Unit>
<NPS_Unit>
<UnitCode>GWMP</UnitCode> 
<UnitType>Park</UnitType> 
</NPS_Unit>
<NPS_Unit>
<UnitCode>GICL</UnitCode> 
<UnitType>Park</UnitType> 
</NPS_Unit>
<NPS_Unit>
<UnitCode>GLBA</UnitCode> 
<UnitType>Park</UnitType> 
</NPS_Unit>
<NPS_Unit>
<UnitCode>GLCA</UnitCode> 
<UnitType>Park</UnitType> 
</NPS_Unit>
<NPS_Unit>
<UnitCode>GOGA</UnitCode> 
<UnitType>Park</UnitType> 
</NPS_Unit>
<NPS_Unit>
<UnitCode>GOIS</UnitCode> 
<UnitType>Park</UnitType> 
</NPS_Unit>
<NPS_Unit>
<UnitCode>GOSP</UnitCode> 
<UnitType>Park</UnitType> 
</NPS_Unit>
<NPS_Unit>
<UnitCode>GRBA</UnitCode> 
<UnitType>Park</UnitType> 
</NPS_Unit>
<NPS_Unit>
<UnitCode>GRCA</UnitCode> 
<UnitType>Park</UnitType> 
</NPS_Unit>
<NPS_Unit>
<UnitCode>GRKO</UnitCode> 
<UnitType>Park</UnitType> 
</NPS_Unit>
<NPS_Unit>
<UnitCode>GRPO</UnitCode> 
<UnitType>Park</UnitType> 
</NPS_Unit>
<NPS_Unit>
<UnitCode>GRSA</UnitCode> 
<UnitType>Park</UnitType> 
</NPS_Unit>
<NPS_Unit>
<UnitCode>GUIS</UnitCode> 
<UnitType>Park</UnitType> 
</NPS_Unit>
<NPS_Unit>
<UnitCode>GUMO</UnitCode> 
<UnitType>Park</UnitType> 
</NPS_Unit>
<NPS_Unit>
<UnitCode>HAFE</UnitCode> 
<UnitType>Park</UnitType> 
</NPS_Unit>
<NPS_Unit>
<UnitCode>HAFO</UnitCode> 
<UnitType>Park</UnitType> 
</NPS_Unit>
<NPS_Unit>
<UnitCode>HAGR</UnitCode> 
<UnitType>Park</UnitType> 
</NPS_Unit>
<NPS_Unit>
<UnitCode>HALE</UnitCode> 
<UnitType>Park</UnitType> 
</NPS_Unit>
<NPS_Unit>
<UnitCode>HAMP</UnitCode> 
<UnitType>Park</UnitType> 
</NPS_Unit>
<NPS_Unit>
<UnitCode>HAVO</UnitCode> 
<UnitType>Park</UnitType> 
</NPS_Unit>
<NPS_Unit>
<UnitCode>HEHO</UnitCode> 
<UnitType>Park</UnitType> 
</NPS_Unit>
<NPS_Unit>
<UnitCode>HOBE</UnitCode> 
<UnitType>Park</UnitType> 
</NPS_Unit>
<NPS_Unit>
<UnitCode>HOCU</UnitCode> 
<UnitType>Park</UnitType> 
</NPS_Unit>
<NPS_Unit>
<UnitCode>HOFR</UnitCode> 
<UnitType>Park</UnitType> 
</NPS_Unit>
<NPS_Unit>
<UnitCode>HOFU</UnitCode> 
<UnitType>Park</UnitType> 
</NPS_Unit>
<NPS_Unit>
<UnitCode>HOME</UnitCode> 
<UnitType>Park</UnitType> 
</NPS_Unit>
<NPS_Unit>
<UnitCode>HOSP</UnitCode> 
<UnitType>Park</UnitType> 
</NPS_Unit>
<NPS_Unit>
<UnitCode>HOVE</UnitCode> 
<UnitType>Park</UnitType> 
</NPS_Unit>
<NPS_Unit>
<UnitCode>HSTR</UnitCode> 
<UnitType>Park</UnitType> 
</NPS_Unit>
<NPS_Unit>
<UnitCode>HUTR</UnitCode> 
<UnitType>Park</UnitType> 
</NPS_Unit>
<NPS_Unit>
<UnitCode>IATR</UnitCode> 
<UnitType>Park</UnitType> 
</NPS_Unit>
<NPS_Unit>
<UnitCode>INDU</UnitCode> 
<UnitType>Park</UnitType> 
</NPS_Unit>
<NPS_Unit>
<UnitCode>JAGA</UnitCode> 
<UnitType>Park</UnitType> 
</NPS_Unit>
<NPS_Unit>
<UnitCode>JECA</UnitCode> 
<UnitType>Park</UnitType> 
</NPS_Unit>
<NPS_Unit>
<UnitCode>JEFF</UnitCode> 
<UnitType>Park</UnitType> 
</NPS_Unit>
<NPS_Unit>
<UnitCode>JELA</UnitCode> 
<UnitType>Park</UnitType> 
</NPS_Unit>
<NPS_Unit>
<UnitCode>JEFM</UnitCode> 
<UnitType>Park</UnitType> 
</NPS_Unit>
<NPS_Unit>
<UnitCode>JICA</UnitCode> 
<UnitType>Park</UnitType> 
</NPS_Unit>
<NPS_Unit>
<UnitCode>JODR</UnitCode> 
<UnitType>Park</UnitType> 
</NPS_Unit>
<NPS_Unit>
<UnitCode>JOFI</UnitCode> 
<UnitType>Park</UnitType> 
</NPS_Unit>
<NPS_Unit>
<UnitCode>JOMU</UnitCode> 
<UnitType>Park</UnitType> 
</NPS_Unit>
<NPS_Unit>
<UnitCode>JOTR</UnitCode> 
<UnitType>Park</UnitType> 
</NPS_Unit>
<NPS_Unit>
<UnitCode>KAHO</UnitCode> 
<UnitType>Park</UnitType> 
</NPS_Unit>
<NPS_Unit>
<UnitCode>KALA</UnitCode> 
<UnitType>Park</UnitType> 
</NPS_Unit>
<NPS_Unit>
<UnitCode>KATM</UnitCode> 
<UnitType>Park</UnitType> 
</NPS_Unit>
<NPS_Unit>
<UnitCode>KEFJ</UnitCode> 
<UnitType>Park</UnitType> 
</NPS_Unit>
<NPS_Unit>
<UnitCode>KEMO</UnitCode> 
<UnitType>Park</UnitType> 
</NPS_Unit>
<NPS_Unit>
<UnitCode>KEWE</UnitCode> 
<UnitType>Park</UnitType> 
</NPS_Unit>
<NPS_Unit>
<UnitCode>KICA</UnitCode> 
<UnitType>Park</UnitType> 
</NPS_Unit>
<NPS_Unit>
<UnitCode>KIMO</UnitCode> 
<UnitType>Park</UnitType> 
</NPS_Unit>
<NPS_Unit>
<UnitCode>KLGO</UnitCode> 
<UnitType>Park</UnitType> 
</NPS_Unit>
<NPS_Unit>
<UnitCode>KNRI</UnitCode> 
<UnitType>Park</UnitType> 
</NPS_Unit>
<NPS_Unit>
<UnitCode>KOVA</UnitCode> 
<UnitType>Park</UnitType> 
</NPS_Unit>
<NPS_Unit>
<UnitCode>KOWA</UnitCode> 
<UnitType>Park</UnitType> 
</NPS_Unit>
<NPS_Unit>
<UnitCode>LACL</UnitCode> 
<UnitType>Park</UnitType> 
</NPS_Unit>
<NPS_Unit>
<UnitCode>LABE</UnitCode> 
<UnitType>Park</UnitType> 
</NPS_Unit>
<NPS_Unit>
<UnitCode>LAKE</UnitCode> 
<UnitType>Park</UnitType> 
</NPS_Unit>
<NPS_Unit>
<UnitCode>LAVO</UnitCode> 
<UnitType>Park</UnitType> 
</NPS_Unit>
<NPS_Unit>
<UnitCode>LECL</UnitCode> 
<UnitType>Park</UnitType> 
</NPS_Unit>
<NPS_Unit>
<UnitCode>LIBI</UnitCode> 
<UnitType>Park</UnitType> 
</NPS_Unit>
<NPS_Unit>
<UnitCode>LIBO</UnitCode> 
<UnitType>Park</UnitType> 
</NPS_Unit>
<NPS_Unit>
<UnitCode>LIHO</UnitCode> 
<UnitType>Park</UnitType> 
</NPS_Unit>
<NPS_Unit>
<UnitCode>LINC</UnitCode> 
<UnitType>Park</UnitType> 
</NPS_Unit>
<NPS_Unit>
<UnitCode>LONG</UnitCode> 
<UnitType>Park</UnitType> 
</NPS_Unit>
<NPS_Unit>
<UnitCode>LYBA</UnitCode> 
<UnitType>Park</UnitType> 
</NPS_Unit>
<NPS_Unit>
<UnitCode>MABE</UnitCode> 
<UnitType>Park</UnitType> 
</NPS_Unit>
<NPS_Unit>
<UnitCode>MACA</UnitCode> 
<UnitType>Park</UnitType> 
</NPS_Unit>
<NPS_Unit>
<UnitCode>MALL</UnitCode> 
<UnitType>Park</UnitType> 
</NPS_Unit>
<NPS_Unit>
<UnitCode>MALU</UnitCode> 
<UnitType>Park</UnitType> 
</NPS_Unit>
<NPS_Unit>
<UnitCode>MANA</UnitCode> 
<UnitType>Park</UnitType> 
</NPS_Unit>
<NPS_Unit>
<UnitCode>MANZ</UnitCode> 
<UnitType>Park</UnitType> 
</NPS_Unit>
<NPS_Unit>
<UnitCode>MAVA</UnitCode> 
<UnitType>Park</UnitType> 
</NPS_Unit>
<NPS_Unit>
<UnitCode>MAWA</UnitCode> 
<UnitType>Park</UnitType> 
</NPS_Unit>
<NPS_Unit>
<UnitCode>MEVE</UnitCode> 
<UnitType>Park</UnitType> 
</NPS_Unit>
<NPS_Unit>
<UnitCode>MIMA</UnitCode> 
<UnitType>Park</UnitType> 
</NPS_Unit>
<NPS_Unit>
<UnitCode>MIMI</UnitCode> 
<UnitType>Park</UnitType> 
</NPS_Unit>
<NPS_Unit>
<UnitCode>MLKM</UnitCode> 
<UnitType>Park</UnitType> 
</NPS_Unit>
<NPS_Unit>
<UnitCode>MOCA</UnitCode> 
<UnitType>Park</UnitType> 
</NPS_Unit>
<NPS_Unit>
<UnitCode>MOCR</UnitCode>
<UnitType>Park</UnitType> 
</NPS_Unit>
<NPS_Unit>
<UnitCode>MOJA</UnitCode> 
<UnitType>Park</UnitType> 
</NPS_Unit>
<NPS_Unit>
<UnitCode>MONO</UnitCode> 
<UnitType>Park</UnitType> 
</NPS_Unit>
<NPS_Unit>
<UnitCode>MORA</UnitCode> 
<UnitType>Park</UnitType> 
</NPS_Unit>
<NPS_Unit>
<UnitCode>MORR</UnitCode> 
<UnitType>Park</UnitType> 
</NPS_Unit>
<NPS_Unit>
<UnitCode>MORU</UnitCode> 
<UnitType>Park</UnitType> 
</NPS_Unit>
<NPS_Unit>
<UnitCode>MUWO</UnitCode> 
<UnitType>Park</UnitType> 
</NPS_Unit>
<NPS_Unit>
<UnitCode>NABR</UnitCode> 
<UnitType>Park</UnitType> 
</NPS_Unit>
<NPS_Unit>
<UnitCode>NATC</UnitCode> 
<UnitType>Park</UnitType> 
</NPS_Unit>
<NPS_Unit>
<UnitCode>NACA</UnitCode> 
<UnitType>Park</UnitType> 
</NPS_Unit>
<NPS_Unit>
<UnitCode>NAVA</UnitCode> 
<UnitType>Park</UnitType> 
</NPS_Unit>
<NPS_Unit>
<UnitCode>NEBE</UnitCode> 
<UnitType>Park</UnitType> 
</NPS_Unit>
<NPS_Unit>
<UnitCode>NICO</UnitCode> 
<UnitType>Park</UnitType> 
</NPS_Unit>
<NPS_Unit>
<UnitCode>NIOB</UnitCode> 
<UnitType>Park</UnitType> 
</NPS_Unit>
<NPS_Unit>
<UnitCode>NISI</UnitCode> 
<UnitType>Park</UnitType> 
</NPS_Unit>
<NPS_Unit>
<UnitCode>NOAT</UnitCode> 
<UnitType>Park</UnitType> 
</NPS_Unit>
<NPS_Unit>
<UnitCode>ORCA</UnitCode> 
<UnitType>Park</UnitType> 
</NPS_Unit>
<NPS_Unit>
<UnitCode>ORPI</UnitCode> 
<UnitType>Park</UnitType> 
</NPS_Unit>
<NPS_Unit>
<UnitCode>OZAR</UnitCode> 
<UnitType>Park</UnitType> 
</NPS_Unit>
<NPS_Unit>
<UnitCode>PAAL</UnitCode> 
<UnitType>Park</UnitType> 
</NPS_Unit>
<NPS_Unit>
<UnitCode>PAAV</UnitCode> 
<UnitType>Park</UnitType> 
</NPS_Unit>
<NPS_Unit>
<UnitCode>PAIS</UnitCode> 
<UnitType>Park</UnitType> 
</NPS_Unit>
<NPS_Unit>
<UnitCode>PECO</UnitCode> 
<UnitType>Park</UnitType> 
</NPS_Unit>
<NPS_Unit>
<UnitCode>PEFO</UnitCode> 
<UnitType>Park</UnitType> 
</NPS_Unit>
<NPS_Unit>
<UnitCode>PERI</UnitCode> 
<UnitType>Park</UnitType> 
</NPS_Unit>
<NPS_Unit>
<UnitCode>PETE</UnitCode> 
<UnitType>Park</UnitType> 
</NPS_Unit>
<NPS_Unit>
<UnitCode>PEVI</UnitCode> 
<UnitType>Park</UnitType> 
</NPS_Unit>
<NPS_Unit>
<UnitCode>PIMA</UnitCode> 
<UnitType>Park</UnitType> 
</NPS_Unit>
<NPS_Unit>
<UnitCode>PINN</UnitCode> 
<UnitType>Park</UnitType> 
</NPS_Unit>
<NPS_Unit>
<UnitCode>PIPE</UnitCode> 
<UnitType>Park</UnitType> 
</NPS_Unit>
<NPS_Unit>
<UnitCode>PIRO</UnitCode> 
<UnitType>Park</UnitType> 
</NPS_Unit>
<NPS_Unit>
<UnitCode>PISC</UnitCode> 
<UnitType>Park</UnitType> 
</NPS_Unit>
<NPS_Unit>
<UnitCode>PISP</UnitCode> 
<UnitType>Park</UnitType> 
</NPS_Unit>
<NPS_Unit>
<UnitCode>PORE</UnitCode> 
<UnitType>Park</UnitType> 
</NPS_Unit>
<NPS_Unit>
<UnitCode>PUHE</UnitCode> 
<UnitType>Park</UnitType> 
</NPS_Unit>
<NPS_Unit>
<UnitCode>PUHO</UnitCode> 
<UnitType>Park</UnitType> 
</NPS_Unit>
<NPS_Unit>
<UnitCode>RABR</UnitCode> 
<UnitType>Park</UnitType> 
</NPS_Unit>
<NPS_Unit>
<UnitCode>RIRA</UnitCode> 
<UnitType>Park</UnitType> 
</NPS_Unit>
<NPS_Unit>
<UnitCode>ROMO</UnitCode> 
<UnitType>Park</UnitType> 
</NPS_Unit>
<NPS_Unit>
<UnitCode>RORI</UnitCode> 
<UnitType>Park</UnitType> 
</NPS_Unit>
<NPS_Unit>
<UnitCode>RRBH</UnitCode> 
<UnitType>Park</UnitType> 
</NPS_Unit>
<NPS_Unit>
<UnitCode>RUCA</UnitCode> 
<UnitType>Park</UnitType> 
</NPS_Unit>
<NPS_Unit>
<UnitCode>SAGA</UnitCode> 
<UnitType>Park</UnitType> 
</NPS_Unit>
<NPS_Unit>
<UnitCode>SAGU</UnitCode> 
<UnitType>Park</UnitType> 
</NPS_Unit>
<NPS_Unit>
<UnitCode>SAHI</UnitCode> 
<UnitType>Park</UnitType> 
</NPS_Unit>
<NPS_Unit>
<UnitCode>SAMA</UnitCode> 
<UnitType>Park</UnitType> 
</NPS_Unit>
<NPS_Unit>
<UnitCode>SAMO</UnitCode> 
<UnitType>Park</UnitType> 
</NPS_Unit>
<NPS_Unit>
<UnitCode>SAND</UnitCode> 
<UnitType>Park</UnitType> 
</NPS_Unit>
<NPS_Unit>
<UnitCode>SAPA</UnitCode> 
<UnitType>Park</UnitType> 
</NPS_Unit>
<NPS_Unit>
<UnitCode>SARI</UnitCode> 
<UnitType>Park</UnitType> 
</NPS_Unit>
<NPS_Unit>
<UnitCode>SCBL</UnitCode> 
<UnitType>Park</UnitType> 
</NPS_Unit>
<NPS_Unit>
<UnitCode>SEMO</UnitCode> 
<UnitType>Park</UnitType> 
</NPS_Unit>
<NPS_Unit>
<UnitCode>SEQU</UnitCode> 
<UnitType>Park</UnitType> 
</NPS_Unit>
<NPS_Unit>
<UnitCode>SITK</UnitCode> 
<UnitType>Park</UnitType> 
</NPS_Unit>
<NPS_Unit>
<UnitCode>SPAR</UnitCode> 
<UnitType>Park</UnitType> 
</NPS_Unit>
<NPS_Unit>
<UnitCode>SUCR</UnitCode> 
<UnitType>Park</UnitType> 
</NPS_Unit>
<NPS_Unit>
<UnitCode>TAPR</UnitCode> 
<UnitType>Park</UnitType> 
</NPS_Unit>
<NPS_Unit>
<UnitCode>THIS</UnitCode> 
<UnitType>Park</UnitType> 
</NPS_Unit>
<NPS_Unit>
<UnitCode>THKO</UnitCode> 
<UnitType>Park</UnitType> 
</NPS_Unit>
<NPS_Unit>
<UnitCode>THRB</UnitCode> 
<UnitType>Park</UnitType> 
</NPS_Unit>
<NPS_Unit>
<UnitCode>THRI</UnitCode> 
<UnitType>Park</UnitType> 
</NPS_Unit>
<NPS_Unit>
<UnitCode>THRO</UnitCode> 
<UnitType>Park</UnitType> 
</NPS_Unit>
<NPS_Unit>
<UnitCode>THST</UnitCode> 
<UnitType>Park</UnitType> 
</NPS_Unit>
<NPS_Unit>
<UnitCode>TICA</UnitCode> 
<UnitType>Park</UnitType> 
</NPS_Unit>
<NPS_Unit>
<UnitCode>TONT</UnitCode> 
<UnitType>Park</UnitType> 
</NPS_Unit>
<NPS_Unit>
<UnitCode>TUPE</UnitCode> 
<UnitType>Park</UnitType> 
</NPS_Unit>
<NPS_Unit>
<UnitCode>TUAI</UnitCode> 
<UnitType>Park</UnitType> 
</NPS_Unit>
<NPS_Unit>
<UnitCode>TUMA</UnitCode> 
<UnitType>Park</UnitType> 
</NPS_Unit>
<NPS_Unit>
<UnitCode>TUZI</UnitCode> 
<UnitType>Park</UnitType> 
</NPS_Unit>
<NPS_Unit>
<UnitCode>ULSG</UnitCode> 
<UnitType>Park</UnitType> 
</NPS_Unit>
<NPS_Unit>
<UnitCode>VAFO</UnitCode> 
<UnitType>Park</UnitType> 
</NPS_Unit>
<NPS_Unit>
<UnitCode>VALR</UnitCode> 
<UnitType>Park</UnitType> 
</NPS_Unit>
<NPS_Unit>
<UnitCode>VICR</UnitCode> 
<UnitType>Park</UnitType> 
</NPS_Unit>
<NPS_Unit>
<UnitCode>VIVE</UnitCode> 
<UnitType>Park</UnitType> 
</NPS_Unit>
<NPS_Unit>
<UnitCode>VOYA</UnitCode> 
<UnitType>Park</UnitType> 
</NPS_Unit>
<NPS_Unit>
<UnitCode>WABA</UnitCode> 
<UnitType>Park</UnitType> 
</NPS_Unit>
<NPS_Unit>
<UnitCode>WACA</UnitCode> 
<UnitType>Park</UnitType> 
</NPS_Unit>
<NPS_Unit>
<UnitCode>WAMO</UnitCode> 
<UnitType>Park</UnitType> 
</NPS_Unit>
<NPS_Unit>
<UnitCode>WAPA</UnitCode> 
<UnitType>Park</UnitType> 
</NPS_Unit>
<NPS_Unit>
<UnitCode>WEFA</UnitCode> 
<UnitType>Park</UnitType> 
</NPS_Unit>
<NPS_Unit>
<UnitCode>WHHO</UnitCode> 
<UnitType>Park</UnitType> 
</NPS_Unit>
<NPS_Unit>
<UnitCode>WHIS</UnitCode> 
<UnitType>Park</UnitType> 
</NPS_Unit>
<NPS_Unit>
<UnitCode>WHSA</UnitCode> 
<UnitType>Park</UnitType> 
</NPS_Unit>
<NPS_Unit>
<UnitCode>WHMI</UnitCode> 
<UnitType>Park</UnitType> 
</NPS_Unit>
<NPS_Unit>
<UnitCode>WICA</UnitCode> 
<UnitType>Park</UnitType> 
</NPS_Unit>
<NPS_Unit>
<UnitCode>WICL</UnitCode> 
<UnitType>Park</UnitType> 
</NPS_Unit>
<NPS_Unit>
<UnitCode>WICR</UnitCode> 
<UnitType>Park</UnitType> 
</NPS_Unit>
<NPS_Unit>
<UnitCode>WIHO</UnitCode> 
<UnitType>Park</UnitType> 
</NPS_Unit>
<NPS_Unit>
<UnitCode>WORI</UnitCode> 
<UnitType>Park</UnitType> 
</NPS_Unit>
<NPS_Unit>
<UnitCode>WOTR</UnitCode> 
<UnitType>Park</UnitType> 
</NPS_Unit>
<NPS_Unit>
<UnitCode>WRBR</UnitCode> 
<UnitType>Park</UnitType> 
</NPS_Unit>
<NPS_Unit>
<UnitCode>WRST</UnitCode> 
<UnitType>Park</UnitType> 
</NPS_Unit>
<NPS_Unit>
<UnitCode>WUPA</UnitCode> 
<UnitType>Park</UnitType> 
</NPS_Unit>
<NPS_Unit>
<UnitCode>WWII</UnitCode> 
<UnitType>Park</UnitType> 
</NPS_Unit>
<NPS_Unit>
<UnitCode>YELL</UnitCode> 
<UnitType>Park</UnitType> 
</NPS_Unit>
<NPS_Unit>
<UnitCode>YOSE</UnitCode> 
<UnitType>Park</UnitType> 
</NPS_Unit>
<NPS_Unit>
<UnitCode>YUHO</UnitCode> 
<UnitType>Park</UnitType> 
</NPS_Unit>
<NPS_Unit>
<UnitCode>YUCH</UnitCode> 
<UnitType>Park</UnitType> 
</NPS_Unit>
<NPS_Unit>
<UnitCode>ZION</UnitCode> 
<UnitType>Park</UnitType> 
</NPS_Unit>
<DatStore><DSteward><cntinfo><cntorgp><cntper>Roger Johnson</cntper></cntorgp><cntemail>roger_m_johnson@nps.gov </cntemail></cntinfo></DSteward><DataSite>NR-GIS</DataSite><Category>Boundary</Category></DatStore><Meta_MID>42857</Meta_MID></NPS_Info></metadata>
